{
  "project_info": {
    "project_number": "538622027371",
    "project_id": "pruebafirebase-7f36c",
    "storage_bucket": "pruebafirebase-7f36c.appspot.com"
  },
  "client": [
    {
      "client_info": {
        "mobilesdk_app_id": "1:538622027371:android:96715525617b59fa84732e",
        "android_client_info": {
          "package_name": "com.example.pruebafirebase"
        }
      },
      "oauth_client": [],
      "api_key": [
        {
          "current_key": "AIzaSyCKjYm8RqXHJMAgHQE_wEqCLNDLy91bW1k"
        }
      ],
      "services": {
        "appinvite_service": {
          "other_platform_oauth_client": []
        }
      }
    }
  ],
  "configuration_version": "1"
}